Sample,PDO_line,Matrix,Treatment,Group,Batch
PDO23_MG_control,PDO23,MG,Control,MGcontrol,PDO23
PDO23_MGCOL_control,PDO23,MGCOL,Control,MGCOLcontrol,PDO23
PDO23_MG_5FU,PDO23,MG,5FU,MGtreated,PDO23
PDO23_MGCOL_5FU,PDO23,MGCOL,5FU,MGCOLtreated,PDO23
PDO25_MG_control,PDO25,MG,Control,MGcontrol,PDO25
PDO25_MGCOL_control,PDO25,MGCOL,Control,MGCOLcontrol,PDO25
PDO25_MG_5FU,PDO25,MG,5FU,MGtreated,PDO25
PDO25_MGCOL_5FU,PDO25,MGCOL,5FU,MGCOLtreated,PDO25
PDO30_MG_control,PDO30,MG,Control,MGcontrol,PDO30
PDO30_MGCOL_control,PDO30,MGCOL,Control,MGCOLcontrol,PDO30
PDO30_MG_5FU,PDO30,MG,5FU,MGtreated,PDO30
PDO30_MGCOL_5FU,PDO30,MGCOL,5FU,MGCOLtreated,PDO30
PDO33_MG_control,PDO33,MG,Control,MGcontrol,PDO33
PDO33_MGCOL_control,PDO33,MGCOL,Control,MGCOLcontrol,PDO33
PDO33_MG_5FU,PDO33,MG,5FU,MGtreated,PDO33
PDO33_MGCOL_5FU,PDO33,MGCOL,5FU,MGCOLtreated,PDO33
